Dataset,Accuracy
Train,0.9556822729091636
Valid,0.9603841536614646
Test,0.9538904899135446
