Class,Recall
0,0.8888888888888888
1,0.8620689655172413
2,1.0
3,0.8571428571428571
4,0.5714285714285714
5,0.5
6,0.7647058823529411
7,0.7142857142857143
8,0.7
9,1.0
10,0.8461538461538461
