Class,Recall
0,0.8571428571428571
1,0.8037383177570093
2,0.9411764705882353
3,0.8947368421052632
4,0.8863636363636364
5,0.9344262295081968
